Event Name,Date and Time,Location
,,online
,,online
,,online
,,online
Unlock Financial Freedom & Business Growth,"Fri, Jul 11 • 8:00 AM GMT+8",online
Unlock Financial Freedom & Business Growth,"Fri, Jul 11 • 8:00 AM GMT+8",online
,,online
,,online
,,online
,,online
Artificial Intelligence Business Professional Certification,"Sat, Jul 19 • 10:00 PM GMT+8",online
Artificial Intelligence Business Professional Certification,"Sat, Jul 19 • 10:00 PM GMT+8",online
,,online
,,online
,,online
,,online
Embrace Change Structured Networking for Women of Color,"Fri, Jul 11 • 5:30 AM GMT+8",online
Embrace Change Structured Networking for Women of Color,"Fri, Jul 11 • 5:30 AM GMT+8",online
,,"Quezon City, "
,,"Quezon City, "
,,"Quezon City, "
Professional Image: Social and Business Etiquette,Wednesday • 8:00 AM,"Quezon City, "
,,"Makati City, NCR"
,,"Makati City, NCR"
,,"Makati City, NCR"
Anti-Loneliness Club | Dinner with Strangers: Manila,,"Makati City, NCR"
,,"Pasay City, NCR"
,,"Pasay City, NCR"
,,"Pasay City, NCR"
17th Philippine SME Business Expo 2025,"Fri, Nov 28 • 10:00 AM","Pasay City, NCR"
,,"Quezon City, "
,,"Quezon City, "
,,"Quezon City, "
Effective Business Writing,Tuesday • 8:00 AM,"Quezon City, "
,,"Taguig, NCR"
,,"Taguig, NCR"
,,"Taguig, NCR"
"Jobs in Europe / Sweden - Work Visa, Employers, Job Applications (Manila)",Monday • 7:00 PM + 25 more,"Taguig, NCR"
,,"Makati City, NCR"
,,"Makati City, NCR"
,,"Makati City, NCR"
Philippines Trade Mission 2025,,"Makati City, NCR"
,,"Makati, NCR"
,,"Makati, NCR"
,,"Makati, NCR"
The MBA Tour Manila,"Tue, Jul 29 • 6:00 PM","Makati, NCR"
,,"Pasay, NCR"
,,"Pasay, NCR"
,,"Pasay, NCR"
Optical Fiber Comm. and ICT Show Phlippines 2025,Wednesday • 10:00 AM,"Pasay, NCR"
,,"Pasig, NCR"
,,"Pasig, NCR"
,,"Pasig, NCR"
National C.E.P.S. Certified Event Planning Specialist Masterclass Summit,"Fri, Jul 25 • 8:00 AM","Pasig, NCR"
,,"Manila, "
,,"Manila, "
,,"Manila, "
Tired of Being Overlooked? This Reset Will Fix That Fast,,"Manila, "
,,"Pasay, NCR"
,,"Pasay, NCR"
,,"Pasay, NCR"
Manila Forex Summit,"Fri, Sep 17 • 8:30 AM","Pasay, NCR"
,,"Pasay, NCR"
,,"Pasay, NCR"
,,"Pasay, NCR"
LogiSYM Philippines 2025,"Wed, Sep 17 • 9:00 AM","Pasay, NCR"
,,"Pasay, NCR"
,,"Pasay, NCR"
,,"Pasay, NCR"
International Finance Expo-IFINEXPO Manila,"Fri, Sep 17 • 8:30 AM","Pasay, NCR"
,,"Quezon City, "
,,"Quezon City, "
,,"Quezon City, "
Communication Skills in the Workplace,"Tue, Jul 29 • 8:00 AM","Quezon City, "
,,"BGC, NCR"
,,"BGC, NCR"
,,"BGC, NCR"
GLOBAL INVESTMENT: EVENING SESSION,,"BGC, NCR"
,,"BGC, NCR"
,,"BGC, NCR"
,,"BGC, NCR"
GLOBAL INVESTMENT: DAY SESSION,,"BGC, NCR"
,,"Pasay, NCR"
,,"Pasay, NCR"
,,"Pasay, NCR"
Achify Live Manila 2025,"Fri, Oct 24 • 4:00 PM","Pasay, NCR"
,,"Quezon City, "
,,"Quezon City, "
,,"Quezon City, "
Fundamentals of MS Project,"Sat, Jul 19 • 8:00 AM","Quezon City, "
